{"format":"fast-poser-asset","version":1,"type":"animation","name":"Forward Flip Realistic","savedAt":"2026-04-17T22:45:00.000Z","scene":{"characterCount":1,"characterColors":["#6c87ed"]},"playbackSpeed":1.15,"keyframes":[{"time":0,"pose":{"Hips_0":{"position":[-0.01,2.36,0.02],"quaternion":[0,0,0,1]},"Spine_0":{"position":[0,0.2,0],"quaternion":[0.121869,0,0,0.992546]},"Head_0":{"position":[0,1.2,0],"quaternion":[-0.052336,0,0,0.99863]},"Left_Upper_Arm_0":{"position":[0.6,1.1,0],"quaternion":[0.069374,-0.007292,0.104274,0.992099]},"Left_Lower_Arm_0":{"position":[0,-0.9,0],"quaternion":[0,0,0,1]},"Right_Upper_Arm_0":{"position":[-0.6,1.1,0],"quaternion":[0.069374,0.007292,-0.104274,0.992099]},"Right_Lower_Arm_0":{"position":[0,-0.9,0],"quaternion":[0,0,0,1]},"Left_Upper_Leg_0":{"position":[0.25,-0.2,0],"quaternion":[-0.069756,0,0,0.997564]},"Left_Lower_Leg_0":{"position":[0,-1.1,0],"quaternion":[0.156434,0,0,0.987688]},"Right_Upper_Leg_0":{"position":[-0.25,-0.2,0],"quaternion":[-0.069756,0,0,0.997564]},"Right_Lower_Leg_0":{"position":[0,-1.1,0],"quaternion":[0.156434,0,0,0.987688]}}},{"time":0.2,"pose":{"Hips_0":{"position":[-0.01,2.28,0.05],"quaternion":[0.034899,0,0,0.999391]},"Spine_0":{"position":[0,0.2,0],"quaternion":[0.190809,0,0,0.981627]},"Head_0":{"position":[0,1.2,0],"quaternion":[-0.069756,0,0,0.997564]},"Left_Upper_Arm_0":{"position":[0.6,1.1,0],"quaternion":[0.240119,-0.029483,0.118249,0.963063]},"Left_Lower_Arm_0":{"position":[0,-0.9,0],"quaternion":[0.087156,0,0,0.996195]},"Right_Upper_Arm_0":{"position":[-0.6,1.1,0],"quaternion":[0.240119,0.029483,-0.118249,0.963063]},"Right_Lower_Arm_0":{"position":[0,-0.9,0],"quaternion":[0.087156,0,0,0.996195]},"Left_Upper_Leg_0":{"position":[0.25,-0.2,0],"quaternion":[-0.207912,0,0,0.978148]},"Left_Lower_Leg_0":{"position":[0,-1.1,0],"quaternion":[0.374607,0,0,0.927184]},"Right_Upper_Leg_0":{"position":[-0.25,-0.2,0],"quaternion":[-0.207912,0,0,0.978148]},"Right_Lower_Leg_0":{"position":[0,-1.1,0],"quaternion":[0.374607,0,0,0.927184]}}},{"time":0.4,"pose":{"Hips_0":{"position":[-0.015,2.06,0.18],"quaternion":[0.104528,0,0,0.994522]},"Spine_0":{"position":[0,0.2,0],"quaternion":[0.292372,0,0,0.956305]},"Head_0":{"position":[0,1.2,0],"quaternion":[-0.087156,0,0,0.996195]},"Left_Upper_Arm_0":{"position":[0.6,1.1,0],"quaternion":[0.434105,-0.061009,0.125088,0.890047]},"Left_Lower_Arm_0":{"position":[0,-0.9,0],"quaternion":[0.156434,0,0,0.987688]},"Right_Upper_Arm_0":{"position":[-0.6,1.1,0],"quaternion":[0.434105,0.061009,-0.125088,0.890047]},"Right_Lower_Arm_0":{"position":[0,-0.9,0],"quaternion":[0.156434,0,0,0.987688]},"Left_Upper_Leg_0":{"position":[0.25,-0.2,0],"quaternion":[-0.390731,0,0,0.920505]},"Left_Lower_Leg_0":{"position":[0,-1.1,0],"quaternion":[0.601815,0,0,0.798636]},"Right_Upper_Leg_0":{"position":[-0.25,-0.2,0],"quaternion":[-0.390731,0,0,0.920505]},"Right_Lower_Leg_0":{"position":[0,-1.1,0],"quaternion":[0.601815,0,0,0.798636]}}},{"time":0.6,"pose":{"Hips_0":{"position":[-0.03,2.55,0.7],"quaternion":[0.275637,0,0,0.961262]},"Spine_0":{"position":[0,0.2,0],"quaternion":[0.139173,0,0,0.990268]},"Head_0":{"position":[0,1.2,0],"quaternion":[-0.034899,0,0,0.999391]},"Left_Upper_Arm_0":{"position":[0.6,1.1,0],"quaternion":[-0.716602,0.062695,0.060543,0.692015]},"Left_Lower_Arm_0":{"position":[0,-0.9,0],"quaternion":[-0.156434,0,0,0.987688]},"Right_Upper_Arm_0":{"position":[-0.6,1.1,0],"quaternion":[-0.716602,-0.062695,-0.060543,0.692015]},"Right_Lower_Arm_0":{"position":[0,-0.9,0],"quaternion":[-0.156434,0,0,0.987688]},"Left_Upper_Leg_0":{"position":[0.25,-0.2,0],"quaternion":[-0.104528,0,0,0.994522]},"Left_Lower_Leg_0":{"position":[0,-1.1,0],"quaternion":[0.207912,0,0,0.978148]},"Right_Upper_Leg_0":{"position":[-0.25,-0.2,0],"quaternion":[-0.104528,0,0,0.994522]},"Right_Lower_Leg_0":{"position":[0,-1.1,0],"quaternion":[0.207912,0,0,0.978148]}}},{"time":0.8,"pose":{"Hips_0":{"position":[-0.05,3.65,1.65],"quaternion":[0.681998,0,0,0.731354]},"Spine_0":{"position":[0,0.2,0],"quaternion":[0.207912,0,0,0.978148]},"Head_0":{"position":[0,1.2,0],"quaternion":[-0.156434,0,0,0.987688]},"Left_Upper_Arm_0":{"position":[0.6,1.1,0],"quaternion":[-0.421589,0.02948,0.063221,0.9041]},"Left_Lower_Arm_0":{"position":[0,-0.9,0],"quaternion":[-0.45399,0,0,0.891007]},"Right_Upper_Arm_0":{"position":[-0.6,1.1,0],"quaternion":[-0.421589,-0.02948,-0.063221,0.9041]},"Right_Lower_Arm_0":{"position":[0,-0.9,0],"quaternion":[-0.45399,0,0,0.891007]},"Left_Upper_Leg_0":{"position":[0.25,-0.2,0],"quaternion":[-0.62932,0,0,0.777146]},"Left_Lower_Leg_0":{"position":[0,-1.1,0],"quaternion":[0.777146,0,0,0.62932]},"Right_Upper_Leg_0":{"position":[-0.25,-0.2,0],"quaternion":[-0.62932,0,0,0.777146]},"Right_Lower_Leg_0":{"position":[0,-1.1,0],"quaternion":[0.777146,0,0,0.62932]}}},{"time":1,"pose":{"Hips_0":{"position":[-0.07,4.35,2.7],"quaternion":[0.987688,0,0,0.156434]},"Spine_0":{"position":[0,0.2,0],"quaternion":[0.325568,0,0,0.945519]},"Head_0":{"position":[0,1.2,0],"quaternion":[-0.275637,0,0,0.961262]},"Left_Upper_Arm_0":{"position":[0.6,1.1,0],"quaternion":[-0.207627,0.010881,0.051192,0.976807]},"Left_Lower_Arm_0":{"position":[0,-0.9,0],"quaternion":[-0.656059,0,0,0.75471]},"Right_Upper_Arm_0":{"position":[-0.6,1.1,0],"quaternion":[-0.207627,-0.010881,-0.051192,0.976807]},"Right_Lower_Arm_0":{"position":[0,-0.9,0],"quaternion":[-0.656059,0,0,0.75471]},"Left_Upper_Leg_0":{"position":[0.25,-0.2,0],"quaternion":[-0.809017,0,0,0.587785]},"Left_Lower_Leg_0":{"position":[0,-1.1,0],"quaternion":[0.898794,0,0,0.438371]},"Right_Upper_Leg_0":{"position":[-0.25,-0.2,0],"quaternion":[-0.809017,0,0,0.587785]},"Right_Lower_Leg_0":{"position":[0,-1.1,0],"quaternion":[0.898794,0,0,0.438371]}}},{"time":1.2,"pose":{"Hips_0":{"position":[-0.08,4.2,3.55],"quaternion":[0.87462,0,0,-0.48481]},"Spine_0":{"position":[0,0.2,0],"quaternion":[0.258819,0,0,0.965926]},"Head_0":{"position":[0,1.2,0],"quaternion":[-0.224951,0,0,0.97437]},"Left_Upper_Arm_0":{"position":[0.6,1.1,0],"quaternion":[-0.29166,0.020395,0.066708,0.953975]},"Left_Lower_Arm_0":{"position":[0,-0.9,0],"quaternion":[-0.559193,0,0,0.829038]},"Right_Upper_Arm_0":{"position":[-0.6,1.1,0],"quaternion":[-0.29166,-0.020395,-0.066708,0.953975]},"Right_Lower_Arm_0":{"position":[0,-0.9,0],"quaternion":[-0.559193,0,0,0.829038]},"Left_Upper_Leg_0":{"position":[0.25,-0.2,0],"quaternion":[-0.74314499999999994,0,0,0.669131]},"Left_Lower_Leg_0":{"position":[0,-1.1,0],"quaternion":[0.857167,0,0,0.515038]},"Right_Upper_Leg_0":{"position":[-0.25,-0.2,0],"quaternion":[-0.74314499999999994,0,0,0.669131]},"Right_Lower_Leg_0":{"position":[0,-1.1,0],"quaternion":[0.857167,0,0,0.515038]}}},{"time":1.4,"pose":{"Hips_0":{"position":[-0.06,3.55,4.25],"quaternion":[0.45399,0,0,-0.891007]},"Spine_0":{"position":[0,0.2,0],"quaternion":[0.104528,0,0,0.994522]},"Head_0":{"position":[0,1.2,0],"quaternion":[0.087156,0,0,0.996195]},"Left_Upper_Arm_0":{"position":[0.6,1.1,0],"quaternion":[-0.783694,0.08237,0.064354,0.612289]},"Left_Lower_Arm_0":{"position":[0,-0.9,0],"quaternion":[-0.104528,0,0,0.994522]},"Right_Upper_Arm_0":{"position":[-0.6,1.1,0],"quaternion":[-0.783694,-0.08237,-0.064354,0.612289]},"Right_Lower_Arm_0":{"position":[0,-0.9,0],"quaternion":[-0.104528,0,0,0.994522]},"Left_Upper_Leg_0":{"position":[0.25,-0.2,0],"quaternion":[-0.224951,0,0,0.97437]},"Left_Lower_Leg_0":{"position":[0,-1.1,0],"quaternion":[0.292372,0,0,0.956305]},"Right_Upper_Leg_0":{"position":[-0.25,-0.2,0],"quaternion":[-0.224951,0,0,0.97437]},"Right_Lower_Leg_0":{"position":[0,-1.1,0],"quaternion":[0.292372,0,0,0.956305]}}},{"time":1.6,"pose":{"Hips_0":{"position":[-0.03,2.65,4.85],"quaternion":[0.156434,0,0,-0.987688]},"Spine_0":{"position":[0,0.2,0],"quaternion":[0.069756,0,0,0.997564]},"Head_0":{"position":[0,1.2,0],"quaternion":[0.156434,0,0,0.987688]},"Left_Upper_Arm_0":{"position":[0.6,1.1,0],"quaternion":[-0.539339,0.075799,0.11672,0.830509]},"Left_Lower_Arm_0":{"position":[0,-0.9,0],