{"format":"fast-poser-asset","version":1,"type":"animation","name":"SpinningKick Realistic","savedAt":"2026-04-17T23:10:00.000Z","scene":{"characterCount":1,"characterColors":["#da6ced"]},"playbackSpeed":1.08,"keyframes":[{"time":0,"pose":{"Hips_0":{"position":[0,2.42,0],"quaternion":[0,-0.156434,0,0.987688]},"Spine_0":{"position":[0,0.2,0],"quaternion":[0.086943,0.069491,0.00608,0.993768]},"Head_0":{"position":[0,1.2,0],"quaternion":[-0.034708,0.104465,-0.003648,0.993916]},"Left_Upper_Arm_0":{"position":[0.6,1.1,0],"quaternion":[0.151788,-0.037845,0.238943,0.95835]},"Left_Lower_Arm_0":{"position":[0,-0.9,0],"quaternion":[0.358368,0,0,0.93358]},"Right_Upper_Arm_0":{"position":[-0.6,1.1,0],"quaternion":[-0.086083,-0.013634,-0.155839,0.98393]},"Right_Lower_Arm_0":{"position":[0,-0.9,0],"quaternion":[0.438371,0,0,0.898794]},"Left_Upper_Leg_0":{"position":[0.25,-0.2,0],"quaternion":[-0.087036,0.004561,0.052137,0.994829]},"Left_Lower_Leg_0":{"position":[0,-1.1,0],"quaternion":[0.173648,0,0,0.984808]},"Right_Upper_Leg_0":{"position":[-0.25,-0.2,0],"quaternion":[0.017428,0.000913,-0.052328,0.998477]},"Right_Lower_Leg_0":{"position":[0,-1.1,0],"quaternion":[0.069756,0,0,0.997564]}}},{"time":0.2,"pose":{"Hips_0":{"position":[0.03,2.28,0.02],"quaternion":[0.014965,-0.070311,0.033593,0.996847]},"Spine_0":{"position":[0,0.2,0],"quaternion":[0.159086,0.097749,0.050623,0.981109]},"Head_0":{"position":[0,1.2,0],"quaternion":[-0.049605,0.131233,0.010449,0.990055]},"Left_Upper_Arm_0":{"position":[0.6,1.1,0],"quaternion":[0.231351,-0.070731,0.283687,0.927898]},"Left_Lower_Arm_0":{"position":[0,-0.9,0],"quaternion":[0.461749,0,0,0.887011]},"Right_Upper_Arm_0":{"position":[-0.6,1.1,0],"quaternion":[-0.155839,-0.013634,-0.086083,0.98393]},"Right_Lower_Arm_0":{"position":[0,-0.9,0],"quaternion":[0.382683,0,0,0.92388]},"Left_Upper_Leg_0":{"position":[0.25,-0.2,0],"quaternion":[-0.207405,0.014503,0.068232,0.975765]},"Left_Lower_Leg_0":{"position":[0,-1.1,0],"quaternion":[0.358368,0,0,0.93358]},"Right_Upper_Leg_0":{"position":[-0.25,-0.2,0],"quaternion":[-0.069714,-0.002434,-0.034814,0.996956]},"Right_Lower_Leg_0":{"position":[0,-1.1,0],"quaternion":[0.156434,0,0,0.987688]}}},{"time":0.4,"pose":{"Hips_0":{"position":[0.08,2.18,0.08],"quaternion":[0.049078,0.213404,0.075597,0.972798]},"Spine_0":{"position":[0,0.2,0],"quaternion":[0.218778,0.151362,0.119922,0.956475]},"Head_0":{"position":[0,1.2,0],"quaternion":[-0.06341,0.158363,0.02348,0.985063]},"Left_Upper_Arm_0":{"position":[0.6,1.1,0],"quaternion":[0.353956,-0.056061,0.146044,0.922087]},"Left_Lower_Arm_0":{"position":[0,-0.9,0],"quaternion":[0.300706,0,0,0.953717]},"Right_Upper_Arm_0":{"position":[-0.6,1.1,0],"quaternion":[-0.357495,-0.024998,-0.065123,0.931306]},"Right_Lower_Arm_0":{"position":[0,-0.9,0],"quaternion":[0.5,0,0,0.866025]},"Left_Upper_Leg_0":{"position":[0.25,-0.2,0],"quaternion":[-0.307841,0.026933,0.08289,0.947437]},"Left_Lower_Leg_0":{"position":[0,-1.1,0],"quaternion":[0.559193,0,0,0.829038]},"Right_Upper_Leg_0":{"position":[-0.25,-0.2,0],"quaternion":[-0.161464,0.055035,-0.096744,0.980582]},"Right_Lower_Leg_0":{"position":[0,-1.1,0],"quaternion":[0.275637,0,0,0.961262]}}},{"time":0.6,"pose":{"Hips_0":{"position":[0.12,2.32,0.2],"quaternion":[0.074919,0.671739,0.072766,0.733389]},"Spine_0":{"position":[0,0.2,0],"quaternion":[0.160034,0.233501,0.071268,0.956445]},"Head_0":{"position":[0,1.2,0],"quaternion":[-0.034369,0.173542,-0.00606,0.984208]},"Left_Upper_Arm_0":{"position":[0.6,1.1,0],"quaternion":[-0.406179,0.021287,0.047811,0.912293]},"Left_Lower_Arm_0":{"position":[0,-0.9,0],"quaternion":[0.573576,0,0,0.819152]},"Right_Upper_Arm_0":{"position":[-0.6,1.1,0],"quaternion":[-0.514332,-0.026955,-0.044861,0.855993]},"Right_Lower_Arm_0":{"position":[0,-0.9,0],"quaternion":[0.62932,0,0,0.777146]},"Left_Upper_Leg_0":{"position":[0.25,-0.2,0],"quaternion":[-0.188638,0.057993,0.024231,0.980033]},"Left_Lower_Leg_0":{"position":[0,-1.1,0],"quaternion":[0.325568,0,0,0.945519]},"Right_Upper_Leg_0":{"position":[-0.25,-0.2,0],"quaternion":[-0.418402,0.017666,-0.25227,0.872346]},"Right_Lower_Leg_0":{"position":[0,-1.1,0],"quaternion":[0.656059,0,0,0.75471]}}},{"time":0.8,"pose":{"Hips_0":{"position":[0.08,2.55,0.45],"quaternion":[-0.034129,0.951928,0.034129,0.302494]},"Spine_0":{"position":[0,0.2,0],"quaternion":[0.077273,0.111289,-0.077273,0.987761]},"Head_0":{"position":[0,1.2,0],"quaternion":[-0.003042,0.087103,-0.034767,0.995588]},"Left_Upper_Arm_0":{"position":[0.6,1.1,0],"quaternion":[-0.573489,0.01001,0.014296,0.819027]},"Left_Lower_Arm_0":{"position":[0,-0.9,0],"quaternion":[0.669131,0,0,0.74314499999999994]},"Right_Upper_Arm_0":{"position":[-0.6,1.1,0],"quaternion":[-0.655959,-0.01145,-0.013171,0.754595]},"Right_Lower_Arm_0":{"position":[0,-0.9,0],"quaternion":[0.694658,0,0,0.71934]},"Left_Upper_Leg_0":{"position":[0.25,-0.2,0],"quaternion":[-0.102602,0.088482,0.008182,0.990746]},"Left_Lower_Leg_0":{"position":[0,-1.1,0],"quaternion":[0.207912,0,0,0.978148]},"Right_Upper_Leg_0":{"position":[-0.25,-0.2,0],"quaternion":[-0.613414,-0.148454,-0.338391,0.69798]},"Right_Lower_Leg_0":{"position":[0,-1.1,0],"quaternion":[0.829038,0,0,0.559193]}}},{"time":1,"pose":{"Hips_0":{"position":[0,2.72,0.72],"quaternion":[-0.093741,0.934506,0.062461,-0.337653]},"Spine_0":{"position":[0,0.2,0],"quaternion":[0.045123,-0.082216,-0.124351,0.987796]},"Head_0":{"position":[0,1.2,0],"quaternion":[0.037541,-0.050408,-0.054056,0.996558]},"Left_Upper_Arm_0":{"position":[0.6,1.1,0],"quaternion":[-0.320622,0.056534,0.164188,0.931154]},"Left_Lower_Arm_0":{"position":[0,-0.9,0],"quaternion":[0.34202,0,0,0.939693]},"Right_Upper_Arm_0":{"position":[-0.6,1.1,0],"quaternion":[-0.739074,-0.07768,-0.069943,0.665465]},"Right_Lower_Arm_0":{"position":[0,-0.9,0],"quaternion":[0.258819,0,0,0.965926]},"Left_Upper_Leg_0":{"position":[0.25,-0.2,0],"quaternion":[-0.051946,0.121702,-0.006378,0.991186]},"Left_Lower_Leg_0":{"position":[0,-1.1,0],"quaternion":[0.121869,0,0,0.992546]},"Right_Upper_Leg_0":{"position":[-0.25,-0.2,0],"quaternion":[-0.37117,-0.239579,-0.611304,0.656614]},"Right_Lower_Leg_0":{"position":[0,-1.1,0],"quaternion":[0.241922,0,0,0.970296]}}},{"time":1.2,"pose":{"Hips_0":{"position":[-0.06,2.68,0.98],"quaternion":[-0.032172,0.483908,0.038975,-0.873658]},"Spine_0":{"position":[0,0.2,0],"quaternion":[0.06751,-0.23746,-0.080222,0.965722]},"Head_0":{"position":[0,1.2,0],"quaternion":[0.057112,-0.154321,-0.042605,0.985448]},"Left_Upper_Arm_0":{"position":[0.6,1.1,0],"quaternion":[0.150374,-0.043119,0.272244,0.949427]},"Left_Lower_Arm_0":{"position":[0,-0.9,0],"quaternion":[0.241922,0,0,0.970296]},"Right_Upper_Arm_0":{"position":[-0.6,1.1,0],"quaternion":[-0.686106,-0.108669,-0.11253,0.710484]},"Right_Lower_Arm_0":{"position":[0,-0.9,0],"quaternion":[0.121869,0,0,0.992546]},"Left_Upper_Leg_0":{"position":[0.25,-0.2,0],"quaternion":[-0.069374,0.104274,-0.007292,0.992099]},"Left_Lower_Leg_0":{"position":[0,-1.1,0],"quaternion":[0.156434,0,0,0.987688]},"Right_Upper_Leg_0":{"position":[-0.25,-0.2,0],"quaternion":[-0.103834,-0.118237,-0.81051,0.564192]},"Right_Lower_Leg_0":{"position":[0,-1.1,0],"quaternion":[0.069756,0,0,0.997564]}}},{"time":1.4,"pose":{"Hips_0":{"position":[-0.02,2.46,1.18],"quaternion":[-0.015585,0.260383,-0.058328,-0.963616]},"Spine_0":{"position":[0,0.2,0],"quaternion":[0.096451,-0.110954,0.058095,0.987427]},"Head_0":{"position":[0,1.2,0],"quaternion":[0.014965,-0.070311,0.033593,0.996847]},"Left_Upper_Arm_0":{"position":[0.6,1.1,0],"quaternion":[0.283687,-0.070731,0.231351,0.927898]},"Left_Lower_Arm_0":{"position":[0,-0.9,0],"quaternion":[0.325568,0,0,0.945519]},"Right_Upper_Arm_0":{"position":[-0.6,1.1,0],"quaternion":[-0.414854,-0.080639,-0.172932,0.889656]},"Right_Lower_Arm_0":{"position":[0,-0.9,0],"quaternion":[0.224951,0,0,0.97437]},"Left_Upper_Leg_0":{"position":[0.25,-0.2,0],"quaternion":[-0.104274,0.069374,-0.007292,0.992099]},"Left_Lower_Leg_0":{"position":[0,-1.1,0],"quaternion":[0.224951,0,0,0.97437]},